{
  "分析时间": "2026-03-27 00:11:16",
  "总报警次数": 11,
  "拥堵报警次数": 10,
  "事故报警次数": 0,
  "拥堵解除次数": 1,
  "平均拥堵车辆数": 21.3,
  "平均拥堵车速": 1.282564423264097,
  "最严重拥堵车辆数": 26,
  "最严重拥堵时间": 3.033333333333333
}