{
  "分析时间": "2026-03-26 18:29:43",
  "总报警次数": 29,
  "拥堵报警次数": 29,
  "事故报警次数": 0,
  "拥堵解除次数": 0,
  "平均拥堵车辆数": 21.482758620689655,
  "平均拥堵车速": 1.3278807664021997,
  "最严重拥堵车辆数": 25,
  "最严重拥堵时间": 1.0333333333333334
}